{
    "colors":[],
    "faces":[43,0,1,3,2,0,0,1,2,3,0,0,0,0,43,2,3,7,6,0,4,1,2,5,1,1,1,1,43,6,7,5,4,0,6,1,2,7,2,2,2,2,43,1,0,4,5,0,2,5,4,1,3,3,3,3,43,4,0,2,6,0,2,5,4,1,4,4,4,4,43,7,3,1,5,0,4,1,2,5,5,5,5,5],
    "normals":[-1,0,0,-0,0,-1,1,0,0,0,0,1,0,-1,3.97364e-08,0,1,-3.97364e-08],
    "vertices":[-5.47346,0.292187,2.97719,-5.47346,1.49219,2.97719,-5.47346,0.292187,-3.02281,-5.47346,1.49219,-3.02281,6.52654,0.292187,2.97719,6.52654,1.49219,2.97719,6.52654,0.292187,-3.02281,6.52654,1.49219,-3.02281],
    "materials":[{
        "mapDiffuseRepeat":[1,1],
        "visible":true,
        "colorDiffuse":[0.543896,0.64,0.12844],
        "blending":"NormalBlending",
        "specularCoef":50,
        "mapDiffuse":"bedsheet.jpeg",
        "DbgColor":15658734,
        "vertexColors":false,
        "colorSpecular":[0.5,0.5,0.5],
        "mapDiffuseAnisotropy":1,
        "doubleSided":false,
        "transparent":false,
        "depthTest":true,
        "colorEmissive":[0,0,0],
        "opacity":1,
        "DbgName":"Material",
        "shading":"phong",
        "mapDiffuseWrap":["repeat","repeat"],
        "DbgIndex":0,
        "depthWrite":true,
        "wireframe":false
    }],
    "metadata":{
        "materials":1,
        "version":3,
        "normals":6,
        "faces":6,
        "colors":0,
        "type":"Geometry",
        "vertices":8,
        "generator":"io_three",
        "uvs":1
    },
    "uvs":[[0.0824169,0.00815036,1,0,1,1,0.0579966,1,0.0885211,0.00407518,0.0580696,0.995925,0.0885211,0,0.0549441,1]]
}