{
    "vertices":[-3.05393,0.816149,0.906,-3.05393,0.54971,0.906,-3.05393,0.816149,-0.565831,-3.05393,0.54971,-0.565831,-0.223462,0.816149,0.613576,-0.223462,0.54971,0.906,-0.223462,0.816149,-0.273406,-0.223462,0.54971,-0.565831,-2.5999,0.816149,-0.565831,-2.5999,0.54971,-0.565831,-2.5999,0.816149,0.906,-2.5999,0.54971,0.906,-3.05393,0.816149,0.170085,-3.05393,0.54971,0.170085,-0.223462,0.816149,0.170085,-0.223462,0.54971,0.170085,-2.5999,0.54971,0.170085,-2.5999,0.816149,0.170085,-2.68813,0.883645,-0.425728,-2.96105,0.883645,-0.425728,-2.96105,0.883645,0.0166385,-2.68813,0.883645,0.0166385,-2.95248,0.893412,0.334522,-2.95248,0.893412,0.741563,-2.70135,0.893412,0.741563,-2.70135,0.893412,0.334522],
    "faces":[33,12,13,3,2,0,0,0,0,33,8,9,7,6,1,1,1,1,33,14,15,5,4,2,2,2,2,33,1,0,10,11,3,3,3,3,33,17,14,4,10,4,4,4,4,33,16,13,1,11,5,5,5,5,33,15,16,11,5,5,5,5,5,33,10,0,23,24,6,6,6,6,33,4,5,11,10,7,7,7,7,33,2,3,9,8,8,8,8,8,33,8,17,21,18,9,9,9,9,33,7,9,16,15,10,10,10,10,33,9,3,13,16,10,10,10,10,33,8,6,14,17,11,11,11,11,33,6,7,15,14,2,2,2,2,33,0,1,13,12,0,0,0,0,33,19,18,21,20,12,12,12,12,33,2,8,18,19,13,13,13,13,33,17,12,20,21,14,14,14,14,33,12,2,19,20,15,15,15,15,33,22,25,24,23,16,16,16,16,33,17,10,24,25,17,17,17,17,33,12,17,25,22,18,18,18,18,33,0,12,22,23,19,19,19,19],
    "normals":[1,0,-0,-0.0538597,-0.480389,0.8754,-1,0,-0,-0,0,-1,0,-1,-0,0,1,-8.09939e-08,0,-0.905072,-0.425259,-0.0538598,-0.480389,-0.8754,0,0,1,-0.607586,-0.794254,3.91328e-08,0,1,0,9.43138e-09,-1,5.05378e-08,0,-1,-0,0,-0.900902,0.434023,0,-0.915359,-0.402639,0.587897,-0.808936,4.13069e-08,0,-1,1.46434e-07,-0.60588,-0.795556,4.47285e-08,0,-0.905072,0.425258,0.605879,-0.795557,3.83387e-08],
    "metadata":{
        "type":"Geometry",
        "version":3,
        "normals":20,
        "vertices":26,
        "generator":"io_three",
        "faces":24
    }
}